datum	n	anteil_bev	viruslast	loess_vorhersage	loess_obere_schranke	loess_untere_schranke	normalisierung	typ
2023-11-15	13	0.013500611583764572	841.31	593.13	850.37	413.7	nein	Influenza A
2023-11-22	16	0.017036992386512642	936.59	932.8	1220.47	712.93	nein	Influenza A
2023-11-29	28	0.03183391142920461	1170.06	1432.88	1763.7	1164.11	nein	Influenza A
2023-12-06	42	0.06667334053708299	1266.58	2145.25	2563.24	1795.43	nein	Influenza A
2023-12-13	47	0.0768352269403404	5279.94	3128.02	3717.38	2632.1	nein	Influenza A
2023-12-20	29	0.03190948145390089	7557.64	4450.74	5318.97	3724.24	nein	Influenza A
2023-12-27	16	0.010972139317459835	6835.2	6202.87	7458.75	5158.46	nein	Influenza A
2024-01-03	39	0.051190008587718334	4542.48	8503.57	10260.46	7047.51	nein	Influenza A
2024-01-10	64	0.1028377403697265	6887.08	11407.06	13835.18	9405.07	nein	Influenza A
2024-01-17	67	0.10637442937963411	11867.17	14539.7	17507.66	12074.88	nein	Influenza A
2024-01-24	54	0.08223191059574132	20788.73	16483.36	19711	13784.24	nein	Influenza A
2024-01-31	73	0.12731985602695248	21975.49	16823.73	20046.92	14118.78	nein	Influenza A
2024-02-07	73	0.1258265449224678	17562.91	15485.45	18442.8	13002.32	nein	Influenza A
2024-02-14	73	0.12731985602695248	20110.49	12565.42	14979.91	10540.11	nein	Influenza A
2024-02-21	74	0.1279317302175012	9477.94	8880.27	10594.72	7443.25	nein	Influenza A
2024-02-28	73	0.12695376519201987	3486.08	5717.38	6820.98	4792.33	nein	Influenza A
2024-03-06	73	0.12376329950937569	3907.62	3624.38	4318.11	3042.11	nein	Influenza A
2024-03-13	73	0.12607443831171466	2277.97	2437.88	2898.09	2050.75	nein	Influenza A
2024-03-20	72	0.1228152898489779	1490.4	1796.36	2131.04	1514.25	nein	Influenza A
2024-03-27	68	0.12455051986546284	1383.5	1442.85	1713.7	1214.81	nein	Influenza A
2024-04-03	54	0.08107606262271609	1337.62	1259.79	1501.64	1056.89	nein	Influenza A
2024-04-10	71	0.12089602459587966	1162.52	1184.94	1417.62	990.44	nein	Influenza A
2024-04-17	47	0.07598954205691176	1254.05	1164.12	1395.53	971.09	nein	Influenza A
2024-04-24	66	0.11894417236272023	1313.35	1172.11	1406.22	976.98	nein	Influenza A
2024-05-01	50	0.06300783278860682	1187.08	1194.65	1433.84	995.36	nein	Influenza A
2024-05-08	48	0.07714920705706675	1124.2	1213.81	1455.89	1011.98	nein	Influenza A
2024-05-15	45	0.07064736365226433	1319.16	1223.16	1466.39	1020.27	nein	Influenza A
2024-05-22	46	0.07141956483638438	1259.99	1226.55	1472.11	1021.95	nein	Influenza A
2024-05-29	30	0.05200578552254953	1208.52	1228.43	1477.89	1021.07	nein	Influenza A
2024-06-05	30	0.05735054812568854	1262.07	1232.63	1488.59	1020.67	nein	Influenza A
2024-06-12	45	0.07120619064900663	1247.96	1242.94	1506.96	1025.18	nein	Influenza A
2024-06-19	45	0.07020089001929791	1204.52	1253.95	1523.46	1032.11	nein	Influenza A
2024-06-26	46	0.07141956483638438	1205.13	1259.61	1529.53	1037.32	nein	Influenza A
2024-07-03	46	0.07141956483638438	1217.13	1261.68	1533.02	1038.36	nein	Influenza A
2024-07-10	44	0.06699886656817076	1456.71	1263.89	1538.18	1038.51	nein	Influenza A
2024-07-17	44	0.06699886656817076	1243.89	1262.8	1537.52	1037.17	nein	Influenza A
2024-07-24	44	0.08340276588661212	1270.73	1256.7	1528.32	1033.35	nein	Influenza A
2024-07-31	45	0.08478004884964938	1215.2	1247.07	1513.66	1027.44	nein	Influenza A
2024-08-07	39	0.06197436676616423	1204.73	1237.07	1500.12	1020.15	nein	Influenza A
2024-08-14	44	0.09013480447723057	1210.24	1232.61	1492.65	1017.87	nein	Influenza A
2024-08-21	47	0.09228754850780614	1224.33	1230.67	1489.75	1016.66	nein	Influenza A
2024-08-28	47	0.09081063165338502	1222.36	1224.75	1483.32	1011.26	nein	Influenza A
2024-09-04	47	0.09230394275786967	1217.31	1208.62	1461.43	999.54	nein	Influenza A
2024-09-11	46	0.09200758971984503	1228.02	1180.74	1421.96	980.45	nein	Influenza A
2024-09-18	46	0.09108526794078321	1231.08	1149.68	1378.3	958.98	nein	Influenza A
2024-09-25	46	0.09071466068555112	1255.99	1121.66	1339.15	939.49	nein	Influenza A
2024-10-02	96	0.20166252868919674	1007.3	1100.99	1308.75	926.21	nein	Influenza A
2024-10-09	102	0.21365801060932021	1017.61	1088.78	1289.47	919.33	nein	Influenza A
2024-10-16	104	0.21606209757850525	1084.64	1084.71	1282.61	917.33	nein	Influenza A
2024-10-23	116	0.2527467036799757	1189.73	1089.1	1287.69	921.14	nein	Influenza A
2024-10-30	100	0.2160011792480089	1160.44	1102.1	1303.5	931.83	nein	Influenza A
2024-11-06	104	0.23751281800977717	1152.75	1132.82	1340.53	957.29	nein	Influenza A
2024-11-13	113	0.24849464214451963	1305.55	1210.06	1433.97	1021.11	nein	Influenza A
2024-11-20	114	0.25027407618015635	1414.11	1381.76	1637.96	1165.62	nein	Influenza A
2024-11-27	117	0.25285234761097075	1364.89	1694.8	2005.67	1432.12	nein	Influenza A
2024-12-04	117	0.2604518826686164	1860.5	2221.85	2623.76	1881.51	nein	Influenza A
2024-12-11	119	0.28235691230718013	2558.21	3108.35	3661.23	2638.95	nein	Influenza A
2024-12-18	120	0.28601983585716473	4273.51	4594.83	5389.31	3917.47	nein	Influenza A
2024-12-25	37	0.12556414208847927	6926.65	6984.52	8149.75	5985.88	nein	Influenza A
2025-01-01	52	0.1666029922529167	14554.93	10501.74	12190.17	9047.17	nein	Influenza A
2025-01-08	50	0.17941626630852994	10758.08	15117.19	17466.17	13084.12	nein	Influenza A
2025-01-15	64	0.23339361746832832	16174.73	20258.64	23302.02	17612.75	nein	Influenza A
2025-01-22	64	0.22458036261639192	33727.28	24897.8	28544.45	21717.03	nein	Influenza A
2025-01-29	69	0.24220124161254222	29407.21	27901.26	31952.74	24363.49	nein	Influenza A
2025-02-05	71	0.24723924325896116	26096.78	28362.94	32470.2	24775.21	nein	Influenza A
2025-02-12	70	0.2464290851777309	24561.39	26255.69	30072	22923.69	nein	Influenza A
2025-02-19	70	0.24664245936510867	26360.67	22227.23	25521.43	19358.23	nein	Influenza A
2025-02-26	72	0.26787564481234893	17836.74	17260.95	19880.31	14986.71	nein	Influenza A
2025-03-05	79	0.2843591208485607	11679.42	12507.97	14425.83	10845.08	nein	Influenza A
2025-03-12	77	0.27938180045020766	9563.87	8791.61	10137.97	7624.05	nein	Influenza A
2025-03-19	78	0.283747246658012	5451.01	6129.78	7066.21	5317.45	nein	Influenza A
2025-03-26	79	0.2843591208485607	4559.31	4291	4942.16	3725.64	nein	Influenza A
2025-04-02	78	0.28106367506572666	2809.25	3069.88	3529.64	2670.01	nein	Influenza A
2025-04-09	78	0.2840627678105361	2239.41	2292.07	2631.99	1996.05	nein	Influenza A
2025-04-16	68	0.26637305193071337	1675.79	1814.78	2084.58	1579.9	nein	Influenza A
2025-04-23	74	0.2729208300564096	1759.35	1524.29	1752.21	1326.02	nein	Influenza A
2025-04-30	72	0.27326373422964717	1182.7	1349.16	1545.97	1177.41	nein	Influenza A
2025-05-07	76	0.2782503364051511	1183.8	1216.64	1392.11	1063.3	nein	Influenza A
2025-05-14	75	0.23761929172927865	1165.44	1125.84	1283.54	987.52	nein	Influenza A
2025-05-21	70	0.23412706752919626	1212.8	1072.17	1217.62	944.09	nein	Influenza A
2025-05-28	73	0.23566167839306001	1316.33	1051.39	1196.69	923.73	nein	Influenza A
2025-06-04	71	0.2347671900913295	1056.6	1060.95	1228.66	916.13	nein	Influenza A
2025-06-11	71	0.2347671900913295	1009.96	1100.23	1324.18	914.15	nein	Influenza A
2025-06-18	66	0.2222332939717228	1093.95	1170.9	1496.7	916.02	nein	Influenza A
2023-11-15	13	0.013500611583764572	781.95	801.57	975.93	658.36	nein	Influenza B
2023-11-22	16	0.017036992386512642	768.22	865.51	989.13	757.33	nein	Influenza B
2023-11-29	28	0.03183391142920461	920.37	928.07	1016.85	847.05	nein	Influenza B
2023-12-06	42	0.06667334053708299	1022.69	989.71	1065.14	919.62	nein	Influenza B
2023-12-13	47	0.0768352269403404	1141.19	1051.12	1132.21	975.85	nein	Influenza B
2023-12-20	29	0.03190948145390089	1043.37	1111.9	1205.55	1025.52	nein	Influenza B
2023-12-27	16	0.010972139317459835	1196.83	1166.75	1273.38	1069.05	nein	Influenza B
2024-01-03	39	0.051190008587718334	1056.19	1210.49	1332.54	1099.62	nein	Influenza B
2024-01-10	64	0.1028377403697265	1323.25	1293.98	1420.61	1178.64	nein	Influenza B
2024-01-17	67	0.10637442937963411	1380.56	1422.52	1555.4	1301	nein	Influenza B
2024-01-24	54	0.08223191059574132	1535.71	1580.8	1724.85	1448.78	nein	Influenza B
2024-01-31	73	0.12731985602695248	1734.3	1746.59	1904.54	1601.73	nein	Influenza B
2024-02-07	73	0.1258265449224678	2066.92	1890.69	2059.18	1735.98	nein	Influenza B
2024-02-14	73	0.12731985602695248	2193.07	2028.99	2206.88	1865.44	nein	Influenza B
2024-02-21	74	0.1279317302175012	1897.08	2184.83	2375.76	2009.24	nein	Influenza B
2024-02-28	73	0.12695376519201987	2343.82	2349.33	2556.62	2158.85	nein	Influenza B
2024-03-06	73	0.12376329950937569	2356.62	2527.69	2752.28	2321.43	nein	Influenza B
2024-03-13	73	0.12607443831171466	2726.69	2674.15	2913.03	2454.85	nein	Influenza B
2024-03-20	72	0.1228152898489779	3202.08	2712.16	2957.04	2487.57	nein	Influenza B
2024-03-27	68	0.12455051986546284	2441.59	2601.43	2836.97	2385.44	nein	Influenza B
2024-04-03	54	0.08107606262271609	2787.63	2360.59	2575.91	2163.27	nein	Influenza B
2024-04-10	71	0.12089602459587966	1945.43	2057.59	2249.06	1882.42	nein	Influenza B
2024-04-17	47	0.07598954205691176	1389.39	1770.86	1938.24	1617.93	nein	Influenza B
2024-04-24	66	0.11894417236272023	1791.26	1551.52	1699.58	1416.35	nein	Influenza B
2024-05-01	50	0.06300783278860682	1378.62	1399.56	1533.73	1277.12	nein	Influenza B
2024-05-08	48	0.07714920705706675	1195.34	1294.76	1420.54	1180.11	nein	Influenza B
2024-05-15	44	0.055948252966242014	1409.58	1224.48	1344.33	1115.31	nein	Influenza B
2024-05-22	46	0.07141956483638438	1120.31	1169.12	1284.16	1064.39	nein	Influenza B
2024-05-29	30	0.05200578552254953	1105.39	1125.74	1237.7	1023.9	nein	Influenza B
2024-06-05	30	0.05735054812568854	1132.04	1104.26	1214.28	1004.2	nein	Influenza B
2024-06-12	45	0.07120619064900663	1092.77	1089.69	1198.44	990.81	nein	Influenza B
2024-06-19	45	0.07020089001929791	1068.77	1078.14	1186.78	979.44	nein	Influenza B
2024-06-26	46	0.07141956483638438	1086.44	1077.88	1187.6	978.29	nein	Influenza B
2024-07-03	46	0.07141956483638438	1070.44	1080.19	1190.03	980.49	nein	Influenza B
2024-07-10	44	0.06699886656817076	1083.24	1082.25	1193.5	981.38	nein	Influenza B
2024-07-17	44	0.06699886656817076	1077.73	1086.6	1198.12	985.47	nein	Influenza B
2024-07-24	44	0.08340276588661212	1115.66	1090.89	1201.64	990.35	nein	Influenza B
2024-07-31	45	0.08478004884964938	1094.94	1093.63	1204.04	993.33	nein	Influenza B
2024-08-07	39	0.06197436676616423	1074.46	1094.62	1204.98	994.38	nein	Influenza B
2024-08-14	44	0.09013480447723057	1104.39	1093.64	1204.44	993.02	nein	Influenza B
2024-08-21	47	0.09228754850780614	1097.01	1093.51	1204.08	993.09	nein	Influenza B
2024-08-28	47	0.09081063165338502	1089.47	1096.38	1207.59	995.4	nein	Influenza B
2024-09-04	47	0.09230394275786967	1093.13	1099.65	1212.59	997.22	nein	Influenza B
2024-09-11	46	0.09200758971984503	1099.3	1097.98	1209.95	996.36	nein	Influenza B
2024-09-18	46	0.09108526794078321	1110.75	1090.81	1197.65	993.5	nein	Influenza B
2024-09-25	46	0.09071466068555112	1114.97	1086.81	1188.59	993.75	nein	Influenza B
2024-10-02	96	0.20166252868919674	1078.65	1092.26	1191.02	1001.7	nein	Influenza B
2024-10-09	102	0.21365801060932021	1081.45	1105.48	1202.57	1016.24	nein	Influenza B
2024-10-16	104	0.21606209757850525	1104.89	1124.37	1221.82	1034.69	nein	Influenza B
2024-10-23	116	0.2527467036799757	1185.79	1148.94	1249.35	1056.59	nein	Influenza B
2024-10-30	99	0.21520170173026906	1207.06	1177.41	1282.39	1081.02	nein	Influenza B
2024-11-06	104	0.23751281800977717	1210.53	1205.77	1314.01	1106.46	nein	Influenza B
2024-11-13	113	0.24849464214451963	1202.62	1232.25	1341.84	1131.61	nein	Influenza B
2024-11-20	114	0.25027407618015635	1298.16	1264.75	1376.86	1161.76	nein	Influenza B
2024-11-27	117	0.25285234761097075	1293.39	1315.01	1432.61	1207.06	nein	Influenza B
2024-12-04	117	0.2604518826686164	1442.18	1407.18	1532.32	1292.26	nein	Influenza B
2024-12-11	119	0.28235691230718013	1479.7	1546.54	1681.92	1422.05	nein	Influenza B
2024-12-18	120	0.28601983585716473	1897.57	1738.82	1890.25	1599.52	nein	Influenza B
2024-12-25	37	0.12556414208847927	1954.6	2073.91	2251.31	1910.49	nein	Influenza B
2025-01-01	52	0.1666029922529167	2811.87	2719.24	2944.13	2511.54	nein	Influenza B
2025-01-08	49	0.16867380059553921	3633.09	3922.55	4234.03	3633.98	nein	Influenza B
2025-01-15	64	0.23339361746832832	4289.09	6041.37	6499.71	5615.35	nein	Influenza B
2025-01-22	64	0.22458036261639192	10250.36	9494.82	10181.9	8854.1	nein	Influenza B
2025-01-29	69	0.24220124161254222	15085.44	14410.84	15405.51	13480.4	nein	Influenza B
2025-02-05	71	0.24723924325896116	21522.46	19949.5	21290.02	18693.39	nein	Influenza B
2025-02-12	70	0.2464290851777309	23792.41	24316.03	25960.9	22775.37	nein	Influenza B
2025-02-19	70	0.24664245936510867	27359.94	25157.61	26899.58	23528.45	nein	Influenza B
2025-02-26	72	0.26787564481234893	22652.82	22045.89	23611.55	20584.04	nein	Influenza B
2025-03-05	79	0.2843591208485607	15161.77	16879.57	18113.69	15729.54	nein	Influenza B
2025-03-12	77	0.27938180045020766	13282.38	11733.03	12610.18	10916.9	nein	Influenza B
2025-03-19	78	0.283747246658012	7239.77	7726.84	8313.42	7181.65	nein	Influenza B
2025-03-26	79	0.2843591208485607	4842.12	5013.55	5398.42	4656.11	nein	Influenza B
2025-04-02	78	0.28106367506572666	3054.25	3339.45	3596.46	3100.82	nein	Influenza B
2025-04-09	78	0.2840627678105361	2302.17	2361.55	2543.71	2192.43	nein	Influenza B
2025-04-16	72	0.26922515356866256	1847.62	1817.76	1956.51	1688.85	nein	Influenza B
2025-04-23	74	0.2729208300564096	1494.77	1541.59	1657.67	1433.65	nein	Influenza B
2025-04-30	72	0.27326373422964717	1303.12	1406.26	1512.52	1307.47	nein	Influenza B
2025-05-07	76	0.2782503364051511	1410.09	1339.11	1434.21	1250.32	nein	Influenza B
2025-05-14	75	0.23761929172927865	1328.93	1285.36	1374.98	1201.58	nein	Influenza B
2025-05-21	70	0.23412706752919626	1481.69	1260.03	1344.58	1180.79	nein	Influenza B
2025-05-28	73	0.23566167839306001	1387.56	1265.85	1347.55	1189.1	nein	Influenza B
2025-06-04	71	0.2347671900913295	1240.54	1301.66	1390.86	1218.18	nein	Influenza B
2025-06-11	71	0.2347671900913295	1369.52	1367.32	1486.51	1257.68	nein	Influenza B
2025-06-18	66	0.2222332939717228	1414.88	1464.97	1646.64	1303.34	nein	Influenza B
2023-11-15	13	0.013500611583764572	1623.26	1177.61	1557.97	890.11	nein	Influenza A+B
2023-11-22	16	0.017036992386512642	1704.81	1708.21	2113.33	1380.75	nein	Influenza A+B
2023-11-29	28	0.03183391142920461	2090.43	2430.74	2873.31	2056.34	nein	Influenza A+B
2023-12-06	42	0.06667334053708299	2289.27	3386.28	3910.14	2932.6	nein	Influenza A+B
2023-12-13	47	0.0768352269403404	6421.12	4612.16	5296.07	4016.57	nein	Influenza A+B
2023-12-20	29	0.03190948145390089	8601.01	6140.43	7076.95	5327.84	nein	Influenza A+B
2023-12-27	16	0.010972139317459835	8032.03	7994.46	9264.1	6898.83	nein	Influenza A+B
2024-01-03	39	0.051190008587718334	5598.67	10186.7	11848.56	8757.93	nein	Influenza A+B
2024-01-10	64	0.1028377403697265	8210.33	12710.31	14826.98	10895.81	nein	Influenza A+B
2024-01-17	67	0.10637442937963411	13247.73	15215.53	17811.8	12997.7	nein	Influenza A+B
2024-01-24	54	0.08223191059574132	22324.44	16976.1	19792.24	14560.66	nein	Influenza A+B
2024-01-31	73	0.12731985602695248	23709.79	17464.54	20308.68	15018.71	nein	Influenza A+B
2024-02-07	73	0.1258265449224678	19629.84	16593.89	19285.49	14277.94	nein	Influenza A+B
2024-02-14	73	0.12731985602695248	22303.56	14342.87	16651.11	12354.62	nein	Influenza A+B
2024-02-21	74	0.1279317302175012	11375.02	11392.97	13186.42	9843.44	nein	Influenza A+B
2024-02-28	73	0.12695376519201987	5829.9	8715.63	10065.67	7546.66	nein	Influenza A+B
2024-03-06	73	0.12376329950937569	6264.24	6653.21	7674.26	5768.01	nein	Influenza A+B
2024-03-13	73	0.12607443831171466	5004.66	5244.92	6043.77	4551.65	nein	Influenza A+B
2024-03-20	72	0.1228152898489779	4692.48	4362.74	5027.12	3786.17	nein	Influenza A+B
2024-03-27	68	0.12455051986546284	3825.08	3812.46	4404.16	3300.25	nein	Influenza A+B
2024-04-03	54	0.08107606262271609	4125.26	3464.31	4016.12	2988.32	nein	Influenza A+B
2024-04-10	71	0.12089602459587966	3107.96	3202.64	3722.32	2755.51	nein	Influenza A+B
2024-04-17	47	0.07598954205691176	2643.44	2961.8	3448.22	2544	nein	Influenza A+B
2024-04-24	66	0.11894417236272023	3104.61	2751.85	3210.87	2358.46	nein	Influenza A+B
2024-05-01	50	0.06300783278860682	2565.7	2600.73	3040.77	2224.37	nein	Influenza A+B
2024-05-08	48	0.07714920705706675	2319.54	2498.69	2921.61	2136.99	nein	Influenza A+B
2024-05-15	44	0.055948252966242014	2728.75	2428.76	2840.85	2076.45	nein	Influenza A+B
2024-05-22	46	0.07141956483638438	2380.3	2378.95	2786.14	2031.28	nein	Influenza A+B
2024-05-29	30	0.05200578552254953	2313.91	2345.63	2744.6	2004.65	nein	Influenza A+B
2024-06-05	30	0.05735054812568854	2394.11	2325.69	2720.12	1988.46	nein	Influenza A+B
2024-06-12	45	0.07120619064900663	2340.72	2321.11	2715.84	1983.75	nein	Influenza A+B
2024-06-19	45	0.07020089001929791	2273.29	2327.74	2723.14	1989.75	nein	Influenza A+B
2024-06-26	46	0.07141956483638438	2291.56	2331.68	2730.56	1991.07	nein	Influenza A+B
2024-07-03	46	0.07141956483638438	2287.57	2333.28	2738.38	1988.1	nein	Influenza A+B
2024-07-10	44	0.06699886656817076	2539.95	2337.12	2742.64	1991.55	nein	Influenza A+B
2024-07-17	44	0.06699886656817076	2321.63	2338.77	2741.24	1995.4	nein	Influenza A+B
2024-07-24	44	0.08340276588661212	2386.39	2337.23	2737.92	1995.18	nein	Influenza A+B
2024-07-31	45	0.08478004884964938	2310.14	2332.96	2732.51	1991.83	nein	Influenza A+B
2024-08-07	39	0.06197436676616423	2279.18	2327.33	2725.77	1987.13	nein	Influenza A+B
2024-08-14	44	0.09013480447723057	2314.63	2325.47	2723.17	1985.85	nein	Influenza A+B
2024-08-21	47	0.09228754850780614	2321.34	2325.02	2724.5	1984.12	nein	Influenza A+B
2024-08-28	47	0.09081063165338502	2311.83	2319.77	2723.51	1975.88	nein	Influenza A+B
2024-09-04	47	0.09230394275786967	2310.43	2303.04	2705.24	1960.64	nein	Influenza A+B
2024-09-11	46	0.09200758971984503	2327.32	2273.58	2663.08	1941.05	nein	Influenza A+B
2024-09-18	46	0.09108526794078321	2341.83	2242.28	2613.27	1923.96	nein	Influenza A+B
2024-09-25	46	0.09071466068555112	2370.95	2217.69	2570.87	1913.03	nein	Influenza A+B
2024-10-02	96	0.20166252868919674	2085.95	2203.19	2543.56	1908.38	nein	Influenza A+B
2024-10-09	102	0.21365801060932021	2099.06	2200.71	2533.57	1911.59	nein	Influenza A+B
2024-10-16	104	0.21606209757850525	2189.53	2209.1	2538.37	1922.54	nein	Influenza A+B
2024-10-23	116	0.2527467036799757	2375.52	2228	2559.05	1939.77	nein	Influenza A+B
2024-10-30	99	0.21520170173026906	2367.5	2253.51	2589.28	1961.29	nein	Influenza A+B
2024-11-06	104	0.23751281800977717	2363.28	2293.2	2635.78	1995.14	nein	Influenza A+B
2024-11-13	113	0.24849464214451963	2508.18	2393.76	2753.45	2081.06	nein	Influenza A+B
2024-11-20	114	0.25027407618015635	2712.27	2623.78	3017.48	2281.45	nein	Influenza A+B
2024-11-27	117	0.25285234761097075	2658.28	3033.78	3481.34	2643.75	nein	Influenza A+B
2024-12-04	117	0.2604518826686164	3302.68	3690.39	4221.58	3226.03	nein	Influenza A+B
2024-12-11	119	0.28235691230718013	4037.91	4753.04	5423.78	4165.24	nein	Influenza A+B
2024-12-18	120	0.28601983585716473	6171.08	6479.44	7371.13	5695.62	nein	Influenza A+B
2024-12-25	37	0.12556414208847927	8881.25	9205.48	10431.62	8123.46	nein	Influenza A+B
2025-01-01	52	0.1666029922529167	17366.8	13336.03	15051.65	11815.95	nein	Influenza A+B
2025-01-08	49	0.16867380059553921	14391.17	19226.76	21616.43	17101.27	nein	Influenza A+B
2025-01-15	64	0.23339361746832832	20463.81	26837.88	30051.81	23967.66	nein	Influenza A+B
2025-01-22	64	0.22458036261639192	43977.65	35359.99	39468.24	31679.36	nein	Influenza A+B
2025-01-29	69	0.24220124161254222	44492.65	43270.27	48229.12	38821.29	nein	Influenza A+B
2025-02-05	71	0.24723924325896116	47619.24	48539.78	54068.45	43576.43	nein	Influenza A+B
2025-02-12	70	0.2464290851777309	48353.81	49554.19	55187.19	44496.16	nein	Influenza A+B
2025-02-19	70	0.24664245936510867	53720.61	45683.94	50955.5	40957.74	nein	Influenza A+B
2025-02-26	72	0.26787564481234893	40489.55	37945.53	42461.47	33909.88	nein	Influenza A+B
2025-03-05	79	0.2843591208485607	26841.2	28792.27	32313.83	25654.49	nein	Influenza A+B
2025-03-12	77	0.27938180045020766	22846.25	20592.42	23156.79	18312.02	nein	Influenza A+B
2025-03-19	78	0.283747246658012	12690.77	14188.69	15977.75	12599.95	nein	Influenza A+B
2025-03-26	79	0.2843591208485607	9401.42	9567	10770.81	8497.74	nein	Influenza A+B
2025-04-02	78	0.28106367506572666	5863.5	6575.51	7399.02	5843.65	nein	Influenza A+B
2025-04-09	78	0.2840627678105361	4541.59	4771.51	5368.67	4240.77	nein	Influenza A+B
2025-04-16	68	0.26637305193071337	3523.41	3717.59	4182.34	3304.48	nein	Influenza A+B
2025-04-23	74	0.2729208300564096	3254.11	3159.38	3534.98	2823.69	nein	Influenza A+B
2025-04-30	72	0.27326373422964717	2485.82	2770.2	3091.28	2482.47	nein	Influenza A+B
2025-05-07	76	0.2782503364051511	2593.89	2504	2785.26	2251.13	nein	Influenza A+B
2025-05-14	75	0.23761929172927865	2494.37	2342.75	2595.66	2114.49	nein	Influenza A+B
2025-05-21	70	0.23412706752919626	2694.49	2272.43	2514.42	2053.73	nein	Influenza A+B
2025-05-28	73	0.23566167839306001	2703.88	2285.35	2547.39	2050.26	nein	Influenza A+B
2025-06-04	71	0.2347671900913295	2297.14	2380.83	2712.4	2089.8	nein	Influenza A+B
2025-06-11	71	0.2347671900913295	2379.48	2565.84	3037.15	2167.67	nein	Influenza A+B
2025-06-18	66	0.2222332939717228	2508.83	2856.59	3567.91	2287.09	nein	Influenza A+B
2024-08-07	10	0.02437162339052888	1858.02	1928.97	2355.3	1579.81	nein	RSV A
2024-08-14	11	0.02925144363937178	1735.13	1840.01	2145.29	1578.18	nein	RSV A
2024-08-21	11	0.02925144363937178	1735.13	1749.05	1977.82	1546.74	nein	RSV A
2024-08-28	11	0.02925144363937178	1735.13	1658.57	1846.38	1489.86	nein	RSV A
2024-09-04	11	0.02925144363937178	1735.13	1570.98	1740.69	1417.82	nein	RSV A
2024-09-11	11	0.02925144363937178	1735.13	1488.36	1649.64	1342.84	nein	RSV A
2024-09-18	11	0.02925144363937178	1735.13	1411.81	1565.69	1273.06	nein	RSV A
2024-09-25	11	0.02925144363937178	1735.13	1340.19	1484.32	1210.06	nein	RSV A
2024-10-02	21	0.06615369141196753	1154.55	1266.05	1399.15	1145.61	nein	RSV A
2024-10-09	28	0.07987911641037759	1153.3	1199.92	1318.35	1092.13	nein	RSV A
2024-10-16	28	0.07987911641037759	1153.3	1162.81	1272.56	1062.53	nein	RSV A
2024-10-23	28	0.07987911641037759	1153.3	1152.75	1260.69	1054.05	nein	RSV A
2024-10-30	25	0.07031119262005069	1148.84	1165.5	1278.27	1062.68	nein	RSV A
2024-11-06	28	0.07987911641037759	1235.78	1200.18	1321.17	1090.26	nein	RSV A
2024-11-13	27	0.07834448183827078	1397.51	1260.9	1391.09	1142.9	nein	RSV A
2024-11-20	27	0.07933975388117274	1449.09	1360.87	1503.02	1232.17	nein	RSV A
2024-11-27	28	0.07987911641037759	1455.48	1519.26	1679.19	1374.56	nein	RSV A
2024-12-04	37	0.0874975232294847	1497.76	1746.47	1935.68	1575.75	nein	RSV A
2024-12-11	37	0.0874975232294847	1800.44	2047.47	2277.48	1840.7	nein	RSV A
2024-12-18	37	0.0874975232294847	2492.05	2433.47	2713.98	2181.96	nein	RSV A
2024-12-25	16	0.03899280508167223	3794.55	2938.48	3285.44	2628.16	nein	RSV A
2025-01-01	17	0.040624027035932035	4384.03	3577.73	4005.02	3196.02	nein	RSV A
2025-01-15	31	0.10163864856139271	4191.4	5026.82	5594.68	4516.59	nein	RSV A
2025-01-22	32	0.11178697384963011	7116.04	5833.2	6459.14	5267.92	nein	RSV A
2025-01-29	34	0.1218162126330677	6203.02	6785.93	7469.19	6165.18	nein	RSV A
2025-02-05	35	0.13255867834605845	6647.22	7875.66	8631.79	7185.77	nein	RSV A
2025-02-12	35	0.13609377890368224	8449.89	9083.91	9943.01	8299.03	nein	RSV A
2025-02-19	36	0.13743849859490134	11893.71	10358.1	11348.09	9454.48	nein	RSV A
2025-02-26	36	0.13743849859490134	10336.93	11276.63	12368.1	10281.49	nein	RSV A
2025-03-05	38	0.12312484837837692	13947.92	11394.26	12496.36	10389.36	nein	RSV A
2025-03-12	38	0.12896278985327503	11547.5	10765.85	11809.56	9814.39	nein	RSV A
2025-03-19	40	0.14068773701204657	9951.71	9528.55	10462.59	8677.9	nein	RSV A
2025-03-26	37	0.11991603251561825	8035.02	7843.59	8622.52	7135.03	nein	RSV A
2025-04-02	41	0.1454225695005663	5390.65	6097.71	6708.38	5542.63	nein	RSV A
2025-04-09	41	0.1454225695005663	4485.98	4642.76	5104.98	4222.38	nein	RSV A
2025-04-16	38	0.13859099185153614	3557.56	3547.02	3893.99	3230.96	nein	RSV A
2025-04-23	38	0.13859099185153614	2662	2765.11	3031.14	2522.43	nein	RSV A
2025-04-30	36	0.13585511987510024	2216.1	2247.89	2453.69	2059.35	nein	RSV A
2025-05-07	40	0.14297559431971835	1751.02	1883.47	2049.5	1730.9	nein	RSV A
2025-05-14	40	0.14297559431971835	1701.73	1623.43	1757.82	1499.32	nein	RSV A
2025-05-21	40	0.14297559431971835	1366.09	1438.32	1547.67	1336.69	nein	RSV A
2025-05-28	40	0.14297559431971835	1290.25	1309.54	1403.58	1221.81	nein	RSV A
2025-06-04	40	0.14297559431971835	1246.58	1225.45	1320.32	1137.39	nein	RSV A
2025-06-11	40	0.14297559431971835	1065.2	1179	1296.01	1072.55	nein	RSV A
2025-06-18	40	0.14297559431971835	1327.06	1166.7	1328.1	1024.92	nein	RSV A
2024-08-14	26	0.04548879255044329	858.98	910.74	1211.95	684.39	nein	RSV A/B
2024-08-21	26	0.0429852020852111	848.53	891.34	1137.94	698.18	nein	RSV A/B
2024-08-28	28	0.044335694733610924	857.34	880.16	1084.89	714.07	nein	RSV A/B
2024-09-04	28	0.04582900583809558	864.05	877.02	1050.8	731.98	nein	RSV A/B
2024-09-11	27	0.04553265280007093	917.33	881.95	1034.52	751.88	nein	RSV A/B
2024-09-18	27	0.04461033102100912	910.11	895.22	1035.41	774.01	nein	RSV A/B
2024-09-25	28	0.04522220521155784	866.61	917.31	1053.01	799.1	nein	RSV A/B
2024-10-02	37	0.0545567569115011	1323.52	948.98	1086.87	828.57	nein	RSV A/B
2024-10-09	38	0.05786967566945707	1040.39	991.26	1136.72	864.41	nein	RSV A/B
2024-10-16	39	0.059088350486543526	1006.76	1045.49	1202.68	908.84	nein	RSV A/B
2024-10-23	39	0.059088350486543526	1325.3	1113.34	1285.51	964.23	nein	RSV A/B
2024-10-30	27	0.032428039999836414	1304.79	1196.89	1386.76	1033.02	nein	RSV A/B
2024-11-06	40	0.05849260975538487	1067.48	1298.64	1508.78	1117.76	nein	RSV A/B
2024-11-13	41	0.05967802190748344	1265.22	1421.51	1654.99	1220.97	nein	RSV A/B
2024-11-20	52	0.07257746357243275	1492.79	1569.2	1830.71	1345.04	nein	RSV A/B
2024-11-27	64	0.10411528275428616	1209.73	1747.16	2045.44	1492.38	nein	RSV A/B
2024-12-04	63	0.10245570574134817	1880.03	1967.13	2316.09	1670.75	nein	RSV A/B
2024-12-11	64	0.10710817579354008	2041.91	2279.04	2685.16	1934.35	nein	RSV A/B
2024-12-18	64	0.10982276962184581	2124.04	2676.74	3155.07	2270.92	nein	RSV A/B
2025-01-01	23	0.04932067289446649	6203.33	3845.47	4532.66	3262.46	nein	RSV A/B
2025-01-08	31	0.05938443087977319	4156.56	4669.4	5501.47	3963.18	nein	RSV A/B
2025-01-15	27	0.05602671539658941	5312.03	5660.86	6665.05	4807.97	nein	RSV A/B
2025-01-22	27	0.05602671539658941	9187.95	6788.24	7985.2	5770.7	nein	RSV A/B
2025-01-29	32	0.07364759439273973	6003.77	7990.98	9389.81	6800.54	nein	RSV A/B
2025-02-05	34	0.07868559603915867	9390.59	9165.14	10756.53	7809.19	nein	RSV A/B
2025-02-12	32	0.07299561770908551	8294.77	10169.22	11920.42	8675.28	nein	RSV A/B
2025-02-19	32	0.07320899189646325	11557.8	10861.6	12718.62	9275.73	nein	RSV A/B
2025-02-26	32	0.07018619090861189	9802.16	10869.04	12664.63	9328.03	nein	RSV A/B
2025-03-05	34	0.07868559603915867	12043.49	10460.02	12152.74	9003.07	nein	RSV A/B
2025-03-12	33	0.07469075708658647	15138.64	9846.93	11422.56	8488.64	nein	RSV A/B
2025-03-19	33	0.07807372184860994	16620.04	9094.65	10533.66	7852.23	nein	RSV A/B
2025-03-26	34	0.07868559603915867	9245.89	8235.89	9518.65	7126	nein	RSV A/B
2025-04-02	33	0.07539015025632463	6714.32	7303.81	8417.84	6337.21	nein	RSV A/B
2025-04-09	33	0.07838924300113402	6088.29	6336.38	7280.43	5514.74	nein	RSV A/B
2025-04-16	30	0.07038320640829068	4694.29	5373.42	6158.25	4688.6	nein	RSV A/B
2025-04-23	32	0.07407888289603776	3719.36	4452.07	5098.25	3887.79	nein	RSV A/B
2025-04-30	32	0.07715765904571122	2759.24	3603.02	4136.48	3138.36	nein	RSV A/B
2025-05-07	32	0.07502378677659705	1718.67	2848.08	3294.64	2462.05	nein	RSV A/B
2025-05-14	33	0.07512935958286295	1356.25	2199.3	2579.91	1874.84	nein	RSV A/B
2025-05-21	29	0.07519337183907628	1327.61	1659.63	1988.27	1385.32	nein	RSV A/B
2025-05-28	32	0.07672798270294004	1266.51	1224.46	1508.91	993.63	nein	RSV A/B
2025-06-04	29	0.07435172921108628	1107.69	883.77	1128.01	692.42	nein	RSV A/B
2025-06-11	30	0.0758334944012095	1135.21	624.42	830.89	469.26	nein	RSV A/B
2024-08-07	10	0.02437162339052888	3846.31	3873.1	4780.62	3137.86	nein	RSV A+B
2024-08-14	11	0.02925144363937178	3596.78	3792.03	4439.13	3239.26	nein	RSV A+B
2024-08-21	11	0.02925144363937178	3596.78	3682.25	4163.62	3256.53	nein	RSV A+B
2024-08-28	11	0.02925144363937178	3596.78	3549.02	3946.27	3191.77	nein	RSV A+B
2024-09-04	11	0.02925144363937178	3596.78	3398.82	3765.13	3068.15	nein	RSV A+B
2024-09-11	11	0.02925144363937178	3596.78	3238.35	3593.06	2918.65	nein	RSV A+B
2024-09-18	11	0.02925144363937178	3596.78	3072.85	3414.01	2765.78	nein	RSV A+B
2024-09-25	11	0.02925144363937178	3596.78	2901.63	3222.58	2612.64	nein	RSV A+B
2024-10-02	21	0.06615369141196753	2376.37	2710.33	3009.26	2441.09	nein	RSV A+B
2024-10-09	28	0.07987911641037759	2390.4	2526.57	2790.49	2287.62	nein	RSV A+B
2024-10-16	28	0.07987911641037759	2390.4	2399.83	2644.85	2177.51	nein	RSV A+B
2024-10-23	28	0.07987911641037759	2390.4	2343.09	2585	2123.82	nein	RSV A+B
2024-10-30	25	0.07031119262005069	2369.56	2348.3	2594.4	2125.56	nein	RSV A+B
2024-11-06	28	0.07987911641037759	2472.88	2406.93	2663.66	2174.94	nein	RSV A+B
2024-11-13	27	0.07834448183827078	2645.22	2511.22	2772.51	2274.55	nein	RSV A+B
2024-11-20	27	0.07933975388117274	2682.51	2700.08	2987.92	2439.97	nein	RSV A+B
2024-11-27	28	0.07987911641037759	2712.94	2938.16	3256.27	2651.13	nein	RSV A+B
2024-12-04	37	0.0874975232294847	2964.77	3249.43	3614.36	2921.34	nein	RSV A+B
2024-12-11	37	0.0874975232294847	4028.38	3715.41	4148.21	3327.76	nein	RSV A+B
2024-12-18	37	0.0874975232294847	4720.87	4412.97	4937.54	3944.13	nein	RSV A+B
2024-12-25	16	0.03899280508167223	5840.38	5453.14	6114.88	4863.02	nein	RSV A+B
2025-01-01	17	0.040624027035932035	5365.15	6991.47	7840.16	6234.65	nein	RSV A+B
2025-01-15	27	0.08806521710912471	9413.92	11658.27	12936.88	10506.03	nein	RSV A+B
2025-01-22	30	0.10418140504413023	19439.48	14602.59	16120.24	13227.82	nein	RSV A+B
2025-01-29	31	0.10772340470047924	16397.14	18063.21	19845.82	16440.73	nein	RSV A+B
2025-02-05	29	0.10350794869227999	22168.33	22063.8	24151.39	20156.66	nein	RSV A+B
2025-02-12	30	0.10838776894112288	26900.86	26469.2	28933.8	24214.54	nein	RSV A+B
2025-02-19	36	0.13743849859490134	28501.96	30768.17	33664.7	28120.85	nein	RSV A+B
2025-02-26	35	0.1367650422430511	27529.19	34050.69	37278.8	31102.12	nein	RSV A+B
2025-03-05	35	0.11637183984678785	40339.96	35560.15	38893.58	32512.42	nein	RSV A+B
2025-03-12	34	0.11538935840100703	40024.24	35898.12	39452.57	32663.9	nein	RSV A+B
2025-03-19	35	0.11637183984678785	35034.29	33440.89	36759.16	30422.16	nein	RSV A+B
2025-03-26	35	0.11637183984678785	31670.57	29240.23	32194.28	26557.23	nein	RSV A+B
2025-04-02	41	0.1454225695005663	20502.05	24057.13	26558.61	21791.27	nein	RSV A+B
2025-04-09	41	0.1454225695005663	18893.55	18638.72	20582.04	16878.88	nein	RSV A+B
2025-04-16	38	0.13859099185153614	12553.21	13999.84	15442.91	12691.62	nein	RSV A+B
2025-04-23	38	0.13859099185153614	11137.51	10559.33	11639.74	9579.2	nein	RSV A+B
2025-04-30	36	0.13585511987510024	9059.04	8158.06	8933.54	7449.9	nein	RSV A+B
2025-05-07	40	0.14297559431971835	6183.96	6502.73	7094.17	5960.6	nein	RSV A+B
2025-05-14	40	0.14297559431971835	4794.86	5318.08	5775	4897.32	nein	RSV A+B
2025-05-21	40	0.14297559431971835	4130.16	4445.62	4799.46	4117.87	nein	RSV A+B
2025-05-28	40	0.14297559431971835	3649.63	3796.84	4087.23	3527.08	nein	RSV A+B
2025-06-04	40	0.14297559431971835	3303.23	3315.19	3597.19	3055.29	nein	RSV A+B
2025-06-11	40	0.14297559431971835	2928.78	2962.19	3294.38	2663.49	nein	RSV A+B
2025-06-18	40	0.14297559431971835	2925.72	2711.26	3141.73	2339.78	nein	RSV A+B
2024-08-07	10	0.02437162339052888	1988.29	2170.68	3133.32	1503.79	nein	RSV B
2024-08-14	11	0.02925144363937178	1861.65	2031.84	2725.23	1514.88	nein	RSV B
2024-08-21	11	0.02925144363937178	1861.65	1904.28	2413.66	1502.39	nein	RSV B
2024-08-28	11	0.02925144363937178	1861.65	1788.2	2179.61	1467.08	nein	RSV B
2024-09-04	11	0.02925144363937178	1861.65	1683.74	2006.6	1412.84	nein	RSV B
2024-09-11	11	0.02925144363937178	1861.65	1590.84	1878.08	1347.53	nein	RSV B
2024-09-18	11	0.02925144363937178	1861.65	1509.18	1778.52	1280.62	nein	RSV B
2024-09-25	11	0.02925144363937178	1861.65	1438.03	1696.19	1219.17	nein	RSV B
2024-10-02	21	0.06615369141196753	1221.81	1375.74	1623.47	1165.82	nein	RSV B
2024-10-09	28	0.07987911641037759	1237.09	1318.72	1555.16	1118.23	nein	RSV B
2024-10-16	28	0.07987911641037759	1237.09	1260.62	1487.27	1068.51	nein	RSV B
2024-10-23	28	0.07987911641037759	1237.09	1215.29	1431.36	1031.84	nein	RSV B
2024-10-30	25	0.07031119262005069	1220.72	1201.17	1417.62	1017.77	nein	RSV B
2024-11-06	28	0.07987911641037759	1237.09	1217.29	1443.14	1026.79	nein	RSV B
2024-11-13	27	0.07834448183827078	1247.71	1244.92	1479.69	1047.41	nein	RSV B
2024-11-20	27	0.07933975388117274	1233.42	1273.81	1517.81	1069.04	nein	RSV B
2024-11-27	28	0.07987911641037759	1257.46	1330.44	1594.33	1110.24	nein	RSV B
2024-12-04	37	0.0874975232294847	1467.01	1434.61	1731.75	1188.46	nein	RSV B
2024-12-11	37	0.0874975232294847	2227.94	1610.91	1959.3	1324.47	nein	RSV B
2024-12-18	37	0.0874975232294847	2228.81	1913.84	2340	1565.29	nein	RSV B
2024-12-25	16	0.03899280508167223	2045.83	2426.4	2968.63	1983.2	nein	RSV B
2025-01-01	17	0.040624027035932035	981.12	3235.59	3947.35	2652.17	nein	RSV B
2025-01-15	27	0.08806521710912471	5222.53	5997.32	7246.19	4963.68	nein	RSV B
2025-01-22	30	0.10418140504413023	12323.44	8029.23	9634.13	6691.68	nein	RSV B
2025-01-29	31	0.10772340470047924	10194.12	10595.72	12633.48	8886.64	nein	RSV B
2025-02-05	29	0.10350794869227999	15521.11	13758.01	16313.01	11603.18	nein	RSV B
2025-02-12	30	0.10838776894112288	18450.97	17390.12	20533.72	14727.79	nein	RSV B
2025-02-19	36	0.13743849859490134	16608.25	20888.02	24611.3	17728.02	nein	RSV B
2025-02-26	35	0.1367650422430511	17192.27	23298.14	27456.05	19769.9	nein	RSV B
2025-03-05	35	0.11637183984678785	26392.04	24136.38	28485.85	20451.02	nein	RSV B
2025-03-12	34	0.11538935840100703	28476.75	23696.26	28000.86	20053.41	nein	RSV B
2025-03-19	35	0.11637183984678785	25082.59	22268.47	26295.01	18858.51	nein	RSV B
2025-03-26	35	0.11637183984678785	23635.55	19891.63	23455.96	16868.92	nein	RSV B
2025-04-02	41	0.1454225695005663	15111.4	16835.96	19829.85	14294.09	nein	RSV B
2025-04-09	41	0.1454225695005663	14407.57	13563.97	15964.13	11524.67	nein	RSV B
2025-04-16	38	0.13859099185153614	8995.64	10645.74	12462.17	9094.07	nein	RSV B
2025-04-23	38	0.13859099185153614	8475.51	8471.71	9884.21	7261.06	nein	RSV B
2025-04-30	36	0.13585511987510024	6842.94	6759.86	7849.58	5821.41	nein	RSV B
2025-05-07	40	0.14297559431971835	4432.94	5379.35	6204.86	4663.68	nein	RSV B
2025-05-14	40	0.14297559431971835	3093.14	4262.08	4883.38	3719.83	nein	RSV B
2025-05-21	40	0.14297559431971835	2764.06	3362.75	3844.84	2941.1	nein	RSV B
2025-05-28	40	0.14297559431971835	2359.37	2644.87	3051.71	2292.26	nein	RSV B
2025-06-04	40	0.14297559431971835	2056.66	2076.63	2458.72	1753.92	nein	RSV B
2025-06-11	40	0.14297559431971835	1863.59	1630.12	2016.59	1317.72	nein	RSV B
2025-06-18	40	0.14297559431971835	1598.66	1281.21	1683.73	974.92	nein	RSV B
2022-02-16	15	0.0598940040015958	355338.49	271297.74	364242.79	202069.8	ja	SARS-CoV-2
2022-02-23	15	0.0598940040015958	381026.07	284641.48	352390.92	229917.32	ja	SARS-CoV-2
2022-03-02	21	0.10241031631004431	151552.9	295615.14	349191.83	250258.74	ja	SARS-CoV-2
2022-03-09	22	0.10257390318703391	181814.13	302211.8	351407.86	259903.04	ja	SARS-CoV-2
2022-03-16	22	0.10278412417808708	357925.05	303319.11	353366.03	260360.3	ja	SARS-CoV-2
2022-03-23	21	0.09573092187310056	324633.55	299467.23	350730.05	255697	ja	SARS-CoV-2
2022-03-30	27	0.08832816523270322	290662.79	293105.3	344122.08	249651.86	ja	SARS-CoV-2
2022-04-06	30	0.09945918534090883	345915.41	288618.67	340380.42	244728.34	ja	SARS-CoV-2
2022-04-13	30	0.10634880076890574	252562.62	258127.57	304957.19	218489.17	ja	SARS-CoV-2
2022-04-20	31	0.10651238764589534	228228.61	206972.81	245306.71	174629.32	ja	SARS-CoV-2
2022-04-27	31	0.10651238764589534	133334.54	158293.94	188812.43	132708.26	ja	SARS-CoV-2
2022-05-04	31	0.10651238764589534	126558.15	121616.69	146167.02	101189.85	ja	SARS-CoV-2
2022-05-11	32	0.10788967060893259	100720.59	97864.26	118350.83	80923.93	ja	SARS-CoV-2
2022-05-18	32	0.10788967060893259	86122.83	88062.47	106871.83	72563.55	ja	SARS-CoV-2
2022-05-25	31	0.10767036936079435	35998.68	92223.74	111850.77	76040.76	ja	SARS-CoV-2
2022-06-01	36	0.12894205699473482	89965.43	108361.81	131024.08	89619.27	ja	SARS-CoV-2
2022-06-08	35	0.1288792301506736	156123.74	135961.1	164089.74	112654.34	ja	SARS-CoV-2
2022-06-15	34	0.11900231682878067	221462.87	175415.92	211520.68	145473.93	ja	SARS-CoV-2
2022-06-22	37	0.13676457993231178	272975.14	226822.81	273326.03	188231.56	ja	SARS-CoV-2
2022-06-29	35	0.125516535936451	256489.87	278683.66	336446.81	230837.63	ja	SARS-CoV-2
2022-07-06	36	0.13256973824143753	279118.97	301089.26	364482.38	248721.88	ja	SARS-CoV-2
2022-07-13	39	0.13785278828793826	277913.51	282252.77	341200.97	233488.87	ja	SARS-CoV-2
2022-07-20	38	0.13755643524991362	289007.85	241710.81	291611.09	200349.43	ja	SARS-CoV-2
2022-07-27	38	0.13755643524991362	222889.31	196644.9	237208.48	163017.85	ja	SARS-CoV-2
2022-08-03	39	0.13785278828793826	157321.89	154651.9	186580.48	128187.1	ja	SARS-CoV-2
2022-08-10	37	0.13529009317280244	101087.73	118070.38	142426.3	97879.5	ja	SARS-CoV-2
2022-08-17	38	0.1366673761358397	90536.86	91097.09	109806.76	75575.31	ja	SARS-CoV-2
2022-08-24	38	0.13811081695108557	76777.2	76243.76	91773.01	63342.28	ja	SARS-CoV-2
2022-08-31	39	0.13811792942399817	69631.61	71933.52	86532.85	59797.32	ja	SARS-CoV-2
2022-09-07	38	0.13035112085756984	66504.38	76862.19	92566.28	63822.33	ja	SARS-CoV-2
2022-09-14	39	0.13695994770909914	71670.79	90705.9	109425.98	75188.35	ja	SARS-CoV-2
2022-09-21	39	0.13811792942399817	107312.34	113784.71	137373.71	94246.28	ja	SARS-CoV-2
2022-09-28	39	0.1381736437951468	201282.47	144458.46	174247.06	119762.41	ja	SARS-CoV-2
2022-10-05	52	0.15104115045671856	158789.94	170383.23	205336.45	141379.9	ja	SARS-CoV-2
2022-10-12	54	0.15159613671808808	229930.07	179122.04	215630.76	148794.65	ja	SARS-CoV-2
2022-10-19	54	0.15243073799789458	202525.01	169660.52	203925.1	141153.27	ja	SARS-CoV-2
2022-10-26	56	0.15561356962627926	158422.03	148310.59	177797.66	123713.84	ja	SARS-CoV-2
2022-11-02	58	0.18212524128323473	102685.97	126446.62	150955.27	105917.12	ja	SARS-CoV-2
2022-11-09	67	0.1900903337403446	92872.42	114276.94	135971.45	96043.82	ja	SARS-CoV-2
2022-11-16	69	0.19223646317111145	99622.62	113688.48	134812.63	95874.33	ja	SARS-CoV-2
2022-11-23	69	0.1922720255356744	107730.42	125516.56	148300.73	106232.84	ja	SARS-CoV-2
2022-11-30	67	0.1912205768108845	163753.73	147584.34	174125.76	125088.54	ja	SARS-CoV-2
2022-12-07	69	0.19386441338783147	146311.63	173641.33	204966.26	147103.78	ja	SARS-CoV-2
2022-12-14	68	0.17871722876243742	236594.29	186592.83	220490.55	157906.48	ja	SARS-CoV-2
2022-12-21	61	0.1916732027329203	198916.67	173749.1	205366.22	146999.59	ja	SARS-CoV-2
2022-12-28	43	0.154520702600895	277975.13	148037.98	174873.77	125320.35	ja	SARS-CoV-2
2023-01-04	55	0.16084733023549574	111943.2	122413.35	144615.31	103619.94	ja	SARS-CoV-2
2023-01-11	71	0.18548091785751689	65072.88	103274.14	122123.88	87333.84	ja	SARS-CoV-2
2023-01-18	70	0.18233596014739178	63770.72	93503.48	110732.88	78954.88	ja	SARS-CoV-2
2023-01-25	74	0.18778055816198053	77133.73	94454.58	111865.95	79753.21	ja	SARS-CoV-2
2023-02-01	73	0.18710842947174064	140114.53	108286.39	128105.98	91533.14	ja	SARS-CoV-2
2023-02-08	72	0.18637940099820002	133628.57	136469.62	161210.24	115525.9	ja	SARS-CoV-2
2023-02-15	72	0.18543107127652114	188910.04	173123.9	204074.45	146867.4	ja	SARS-CoV-2
2023-02-22	72	0.18636121677578682	212424.39	202621	238815.42	171912.14	ja	SARS-CoV-2
2023-03-01	69	0.18507741541506406	205895.19	210651.62	248897.3	178282.78	ja	SARS-CoV-2
2023-03-08	70	0.18471593583340312	245981.71	196194.31	232393.42	165633.81	ja	SARS-CoV-2
2023-03-15	59	0.1717888029405808	199189.8	170462.26	202238.58	143678.74	ja	SARS-CoV-2
2023-03-22	67	0.16755980952560456	137827.71	143887.41	170853.99	121177.07	ja	SARS-CoV-2
2023-03-29	72	0.18269077771275793	84764.15	121402.63	144098.58	102281.36	ja	SARS-CoV-2
2023-04-05	70	0.2023912371014563	95968.73	104045.24	123325.87	87778.92	ja	SARS-CoV-2
2023-04-12	72	0.20119411307729498	90718.83	90947.54	107655.92	76832.32	ja	SARS-CoV-2
2023-04-19	74	0.20536052858476192	89667.59	81246.04	96107.48	68682.68	ja	SARS-CoV-2
2023-04-26	69	0.19402459813194456	78127.11	73046.65	86466.34	61709.71	ja	SARS-CoV-2
2023-05-03	69	0.20312766254682602	71226.04	63780.96	75655.94	53769.88	ja	SARS-CoV-2
2023-05-10	68	0.20204206209793413	50461.08	52795.27	62730.34	44433.69	ja	SARS-CoV-2
2023-05-17	57	0.17461610575630807	40564.15	41645.26	49498.08	35038.29	ja	SARS-CoV-2
2023-05-24	68	0.20156278811071915	34679.31	32069.58	38087.46	27002.54	ja	SARS-CoV-2
2023-05-31	73	0.20739893961326758	24221.14	24741.08	29361.44	20847.79	ja	SARS-CoV-2
2023-06-07	68	0.1983566275711812	20014.99	19839.7	23527.53	16729.92	ja	SARS-CoV-2
2023-06-14	71	0.19927659038006032	16291.46	16858.64	19972.06	14230.57	ja	SARS-CoV-2
2023-06-21	72	0.19350000583815485	14656.3	15333.22	18132.58	12966.03	ja	SARS-CoV-2
2023-06-28	70	0.19247887995621563	14306.83	15006.57	17721.08	12707.86	ja	SARS-CoV-2
2023-07-05	71	0.1938595769062509	12940.23	15748.34	18611.04	13325.96	ja	SARS-CoV-2
2023-07-12	70	0.19359941450122983	21356.99	17582.73	20811.31	14855.02	ja	SARS-CoV-2
2023-07-19	72	0.19961771643506973	19650.34	20538.07	24346.78	17325.18	ja	SARS-CoV-2
2023-07-26	72	0.19118706520934467	24968.24	24450.61	29057.07	20574.41	ja	SARS-CoV-2
2023-08-02	71	0.1886858455684167	30906.71	29063.77	34672.47	24362.34	ja	SARS-CoV-2
2023-08-09	72	0.19539726984171013	34255.77	34306.94	41095.04	28640.11	ja	SARS-CoV-2
2023-08-16	71	0.1802960199372099	43783.89	40546.99	48679.48	33773.13	ja	SARS-CoV-2
2023-08-23	74	0.19711412596983754	48950.82	47933.82	57495.68	39962.15	ja	SARS-CoV-2
2023-08-30	76	0.20392668960794805	42461.76	56062.67	67068.59	46862.82	ja	SARS-CoV-2
2023-09-06	75	0.1970023771662592	69467.45	64302.56	76799.2	53839.35	ja	SARS-CoV-2
2023-09-13	75	0.20207594117724112	85387.11	73247.5	87447.98	61353	ja	SARS-CoV-2
2023-09-20	76	0.19816321572444479	94828.91	83845.78	99923.69	70354.83	ja	SARS-CoV-2
2023-09-27	78	0.20548421448871187	81922.05	96208.92	114454.97	80871.59	ja	SARS-CoV-2
2023-10-04	79	0.20125397639097595	90435.32	109739.24	130701.73	92138.8	ja	SARS-CoV-2
2023-10-11	77	0.19461522973672768	135458.25	124478.86	148554.68	104304.94	ja	SARS-CoV-2
2023-10-18	77	0.19550060221900856	148140.46	142101.01	169713.18	118981.31	ja	SARS-CoV-2
2023-10-25	73	0.19408086964680468	171100.17	164465	196405.34	137718.94	ja	SARS-CoV-2
2023-11-01	64	0.18842734274040854	193199.48	191011.34	228352.17	159776.59	ja	SARS-CoV-2
2023-11-08	116	0.2780302053685064	203502.04	222062.3	266485.37	185044.55	ja	SARS-CoV-2
2023-11-15	114	0.2750148724772133	275148.57	258304.46	311272.59	214349.72	ja	SARS-CoV-2
2023-11-22	121	0.2881154311678876	279468.57	302886.84	365862.23	250751.33	ja	SARS-CoV-2
2023-11-29	129	0.2973587654027269	298282.18	352574.95	426912.42	291181.73	ja	SARS-CoV-2
2023-12-06	137	0.31301046144005407	352556.82	387104.4	470513.71	318481.3	ja	SARS-CoV-2
2023-12-13	138	0.3129286680015593	578138.42	381220.39	464838.49	312644.05	ja	SARS-CoV-2
2023-12-20	136	0.30008115924299344	381659.19	334025.81	407102.68	274066.59	ja	SARS-CoV-2
2023-12-27	87	0.19139761811580042	290102.8	268816.68	327081.25	220931.06	ja	SARS-CoV-2
2024-01-03	139	0.29761624877628423	238179.1	206173.03	250701.36	169553.6	ja	SARS-CoV-2
2024-01-10	155	0.33333598865655406	100025.05	156718.09	190382.05	129006.7	ja	SARS-CoV-2
2024-01-17	157	0.33064510307129025	90411.92	120429.24	146147.53	99236.72	ja	SARS-CoV-2
2024-01-24	160	0.33897201887958517	102318.76	93573.3	113480.66	77158.19	ja	SARS-CoV-2
2024-01-31	158	0.33730624216109173	91406.03	73456.13	89046.67	60595.22	ja	SARS-CoV-2
2024-02-07	157	0.32911423810982715	72654.24	57804.56	70045.05	47703.11	ja	SARS-CoV-2
2024-02-14	159	0.33836014468903647	51064.12	45445.41	54974.65	37567.95	ja	SARS-CoV-2
2024-02-21	158	0.33525930801921244	31896.08	35279.5	42613.7	29207.59	ja	SARS-CoV-2
2024-02-28	161	0.33914983070239996	20882.72	27309.26	32962.44	22625.62	ja	SARS-CoV-2
2024-03-06	158	0.3377889775517908	20153.3	21773.93	26281.48	18039.47	ja	SARS-CoV-2
2024-03-13	161	0.33914983070239996	21726.61	18211.21	21995.62	15077.92	ja	SARS-CoV-2
2024-03-20	161	0.33914983070239996	20635.85	16032.56	19352.05	13282.47	ja	SARS-CoV-2
2024-03-27	146	0.3131923984971582	10926.01	14982.22	18036.4	12445.22	ja	SARS-CoV-2
2024-04-03	153	0.3291885041811561	18842.04	14726.39	17657.01	12282.18	ja	SARS-CoV-2
2024-04-10	155	0.33707432812765514	13274.46	14885.32	17788.97	12455.62	ja	SARS-CoV-2
2024-04-17	156	0.3352984266202317	12523.69	15426.19	18404.16	12930.09	ja	SARS-CoV-2
2024-04-24	155	0.33455548140802543	16460.03	16468.83	19644.76	13806.34	ja	SARS-CoV-2
2024-05-01	145	0.3083015539153008	25945.04	17897.22	21359.46	14996.19	ja	SARS-CoV-2
2024-05-08	145	0.3068870727189307	20522.47	19478.09	23221.46	16338.16	ja	SARS-CoV-2
2024-05-15	159	0.33766806551227674	17623.13	21221.54	25245.32	17839.1	ja	SARS-CoV-2
2024-05-22	155	0.32610559094307184	25454.4	23464.37	27853.25	19767.06	ja	SARS-CoV-2
2024-05-29	156	0.33008261315099796	25999.21	26449.34	31334.77	22325.6	ja	SARS-CoV-2
2024-06-05	127	0.2993751040569605	25631.04	30757.27	36423.74	25972.35	ja	SARS-CoV-2
2024-06-12	159	0.33830818807441	37428.28	37148.24	44051.15	31327.03	ja	SARS-CoV-2
2024-06-19	160	0.33962921137670865	50625.63	45516.18	54059.47	38323.03	ja	SARS-CoV-2
2024-06-26	160	0.3402196177531828	53579.22	54336.85	64603.62	45701.68	ja	SARS-CoV-2
2024-07-03	159	0.33816622311507466	70819.23	62226.21	74007.57	52320.33	ja	SARS-CoV-2
2024-07-10	158	0.31470954824002156	77770.43	68253.27	81108.67	57435.4	ja	SARS-CoV-2
2024-07-17	158	0.3291952847386661	66323.74	71477.42	84822.75	60231.74	ja	SARS-CoV-2
2024-07-24	160	0.33755244041096105	67755.76	72004.2	85422.93	60693.36	ja	SARS-CoV-2
2024-07-31	157	0.3340541350465384	68049.97	71434.76	84799.02	60176.7	ja	SARS-CoV-2
2024-08-07	142	0.3137637078838621	74158.4	70767.65	84035.36	59594.68	ja	SARS-CoV-2
2024-08-14	157	0.3326519821365501	67825.77	70148.07	83359.39	59030.56	ja	SARS-CoV-2
2024-08-21	160	0.3370261174154293	76134.35	70447.39	83752.01	59256.31	ja	SARS-CoV-2
2024-08-28	160	0.3370171556995594	70332.51	71906.23	85402.2	60543	ja	SARS-CoV-2
2024-09-04	159	0.3372857345308604	73352.75	75050.88	88985.74	63298.17	ja	SARS-CoV-2
2024-09-11	158	0.3303036569549998	78805.34	80720.18	95565.13	68181.22	ja	SARS-CoV-2
2024-09-18	158	0.3309958665270962	72751.02	88869.27	105078.57	75160.4	ja	SARS-CoV-2
2024-09-25	159	0.3368772296491257	107023.6	98178.63	115968	83118.13	ja	SARS-CoV-2
2024-10-02	146	0.3118198571827293	103520.15	105637.87	124726.23	89470.84	ja	SARS-CoV-2
2024-10-09	159	0.3368855749506765	130444.24	109123.06	128888.07	92389.02	ja	SARS-CoV-2
2024-10-16	159	0.3288315765821592	123754.32	108951.92	128804.15	92159.46	ja	SARS-CoV-2
2024-10-23	161	0.34107792727603137	103656.06	105873.78	125236.4	89504.79	ja	SARS-CoV-2
2024-10-30	142	0.2984840415963495	89424.05	100165.31	118537.26	84640.81	ja	SARS-CoV-2
2024-11-06	151	0.3278289312756712	74486.85	93141.95	110381.27	78595.07	ja	SARS-CoV-2
2024-11-13	156	0.32706163769786084	88992.63	87042.86	103339.57	73316.15	ja	SARS-CoV-2
2024-11-20	158	0.336178666267894	101157.12	83859.67	99629.8	70585.75	ja	SARS-CoV-2
2024-11-27	161	0.34075091947975344	84527.2	83461.66	99236.29	70194.57	ja	SARS-CoV-2
2024-12-04	161	0.3223770785387116	65614.73	82054.31	97823.25	68827.3	ja	SARS-CoV-2
2024-12-11	159	0.33337170512469677	77565.65	75660.71	90656.15	63145.67	ja	SARS-CoV-2
2024-12-18	160	0.33777233436517534	72392.43	65081.3	78369.15	54046.47	ja	SARS-CoV-2
2024-12-25	45	0.13535782762317336	83606.36	53435.94	64503.69	44267.23	ja	SARS-CoV-2
2025-01-01	66	0.18562543145297924	47542.45	43158.39	52158.2	35711.47	ja	SARS-CoV-2
2025-01-08	51	0.1667067632327114	28405.35	34825.04	42064.07	28831.82	ja	SARS-CoV-2
2025-01-15	65	0.22805263632995448	17746.67	28307.43	34063.12	23524.29	ja	SARS-CoV-2
2025-01-22	68	0.2251474756440774	27894.46	23593.83	28226.43	19721.55	ja	SARS-CoV-2
2025-01-29	70	0.23298870438541447	23722.09	20377.1	24259.43	17116.08	ja	SARS-CoV-2
2025-02-05	71	0.2344704695755377	16323.74	18188.42	21607.17	15310.59	ja	SARS-CoV-2
2025-02-12	70	0.23366031149430744	18646.31	16447.15	19512.39	13863.43	ja	SARS-CoV-2
2025-02-19	70	0.23387368568168518	14686.43	14757.17	17491.22	12450.47	ja	SARS-CoV-2
2025-02-26	72	0.2551068711289255	13736.46	13127.62	15554.35	11079.5	ja	SARS-CoV-2
2025-03-05	74	0.26360627625947225	10054.59	11827.66	14008.55	9986.3	ja	SARS-CoV-2
2025-03-12	72	0.2586289558611192	11191.24	11075.46	13118	9350.95	ja	SARS-CoV-2
2025-03-19	73	0.26299440206892355	10493	10763.13	12744.82	9089.58	ja	SARS-CoV-2
2025-03-26	74	0.26360627625947225	10536.66	10566.45	12503.93	8929.18	ja	SARS-CoV-2
2025-04-02	73	0.2603108304766382	9935.54	10284.07	12166.33	8693.02	ja	SARS-CoV-2
2025-04-09	73	0.26330992322144764	11306.76	9849.24	11644.72	8330.61	ja	SARS-CoV-2
2025-04-16	67	0.2484723089795741	10588.62	9455.9	11170.64	8004.39	ja	SARS-CoV-2
2025-04-23	69	0.25216798546732117	11117.08	9357.98	11045.53	7928.26	ja	SARS-CoV-2
2025-04-30	67	0.25251088964055873	6610.77	9651.58	11387.56	8180.24	ja	SARS-CoV-2
2025-05-07	71	0.2574974918160627	7958.77	10341.39	12138.54	8810.32	ja	SARS-CoV-2
2025-05-14	72	0.25973680649610603	12311.52	11048.08	12911.89	9453.3	ja	SARS-CoV-2
2025-05-21	72	0.2605191785164911	14441.31	11926.26	13848.23	10271.04	ja	SARS-CoV-2
2025-05-28	71	0.25920168774240565	17319.46	13061.68	15151.41	11260.18	ja	SARS-CoV-2
2025-06-04	69	0.25830719944067515	15073.01	14504.73	17153.5	12264.98	ja	SARS-CoV-2
2025-06-11	69	0.25830719944067515	13999.29	16289.46	20278.07	13085.39	ja	SARS-CoV-2
2025-06-18	64	0.24577330332106848	17191.83	18446.45	24979.16	13622.22	ja	SARS-CoV-2
